HOSPITAL_NAME,COPD_COUNT,PCT_OF_COPD_CASES_OVER_BEDS,AVG_SCORE,AVG_RISK
BJC,184,9.2,5.369565217391305,51.77717391304348
BJC WEST COUNTY,171,17.1,5.286549707602339,53.380116959064324
MISSOURI BAPTIST,161,20.125,5.217391304347826,52.037267080745345
SAINT LOUIS UNIVERSITY,164,16.400000000000002,5.530487804878049,50.03658536585366
ST.MARY'S,156,31.2,5.352564102564102,53.44871794871795
ST.LUKE'S,164,20.5,5.378048780487805,50.75
